raw_product_name,last_observed_price,occurrences,reason
KEELLS CHICKEN FINE,1680.00,29,"Only appears in bills where item lines don't sum to cash_in -- likely a wrapped/truncated product name, not a real complete name."
SCAN CASAVA CHIPS FRIED &,150.00,24,"Only appears in bills where item lines don't sum to cash_in -- likely a wrapped/truncated product name, not a real complete name."
SADALI PAPADAM 100g,135.00,16,"Only appears in bills where item lines don't sum to cash_in -- likely a wrapped/truncated product name, not a real complete name."
LAXSHA PEPPER POWDER,2000.00,15,"Only appears in bills where item lines don't sum to cash_in -- likely a wrapped/truncated product name, not a real complete name."
DIVASA TABLE SALT 400G,100.00,14,"Only appears in bills where item lines don't sum to cash_in -- likely a wrapped/truncated product name, not a real complete name."
GILLETTE BLUE 2,150.00,14,"Only appears in bills where item lines don't sum to cash_in -- likely a wrapped/truncated product name, not a real complete name."
ELEPHANT HOUSE FRUIT AND,180.00,14,"Only appears in bills where item lines don't sum to cash_in -- likely a wrapped/truncated product name, not a real complete name."
DASH LIME FRESH SOAP 3 IN,330.00,14,"Only appears in bills where item lines don't sum to cash_in -- likely a wrapped/truncated product name, not a real complete name."
BATHI POOJA SRPARY HIT,250.00,13,"Only appears in bills where item lines don't sum to cash_in -- likely a wrapped/truncated product name, not a real complete name."
SCAN CASAVA CHIPS HOT &,170.00,13,"Only appears in bills where item lines don't sum to cash_in -- likely a wrapped/truncated product name, not a real complete name."
PANACEAS CEYLON TEA 25,195.00,11,"Only appears in bills where item lines don't sum to cash_in -- likely a wrapped/truncated product name, not a real complete name."
LAXSHA TURMERIC POWDER,530.00,11,"Only appears in bills where item lines don't sum to cash_in -- likely a wrapped/truncated product name, not a real complete name."
CALIN TEEN SOAP WITH,90.00,10,"Only appears in bills where item lines don't sum to cash_in -- likely a wrapped/truncated product name, not a real complete name."
ANGEL PAPER SERVIATTES -,245.00,10,"Only appears in bills where item lines don't sum to cash_in -- likely a wrapped/truncated product name, not a real complete name."
CITRONELLA INCENSE 10,150.00,10,"Only appears in bills where item lines don't sum to cash_in -- likely a wrapped/truncated product name, not a real complete name."
DETTOL COOL 70*2 GET 1,280.00,10,"Only appears in bills where item lines don't sum to cash_in -- likely a wrapped/truncated product name, not a real complete name."
FISH ROLLS,55.00,9,"Only appears in bills where item lines don't sum to cash_in -- likely a wrapped/truncated product name, not a real complete name."
ELEPHANT HOUSE FRUIT &,100.00,8,"Only appears in bills where item lines don't sum to cash_in -- likely a wrapped/truncated product name, not a real complete name."
RIO ROSE & LEMON 1kg,240.00,8,"Only appears in bills where item lines don't sum to cash_in -- likely a wrapped/truncated product name, not a real complete name."
BELLOSE KERATIN SHAMPOO,1750.00,8,"Only appears in bills where item lines don't sum to cash_in -- likely a wrapped/truncated product name, not a real complete name."
CLOSEUO RED HOT 120g,295.00,8,"Only appears in bills where item lines don't sum to cash_in -- likely a wrapped/truncated product name, not a real complete name."
LAXSHA CHILLI PIECES 500g,650.00,7,"Only appears in bills where item lines don't sum to cash_in -- likely a wrapped/truncated product name, not a real complete name."
NESCAFE PREMIX 1KG,2475.00,7,"Only appears in bills where item lines don't sum to cash_in -- likely a wrapped/truncated product name, not a real complete name."
KEELLS SEASHELL PASTA,410.00,7,"Only appears in bills where item lines don't sum to cash_in -- likely a wrapped/truncated product name, not a real complete name."
STAR DISH WASH TUB 500G,260.00,7,"Only appears in bills where item lines don't sum to cash_in -- likely a wrapped/truncated product name, not a real complete name."
EDIN TOMATO KETCHUP WITH,20.00,7,"Only appears in bills where item lines don't sum to cash_in -- likely a wrapped/truncated product name, not a real complete name."
LIFEBUOY TURMERIC &,155.00,7,"Only appears in bills where item lines don't sum to cash_in -- likely a wrapped/truncated product name, not a real complete name."
SANKA SOY BUDGET CURRY,60.00,6,"Only appears in bills where item lines don't sum to cash_in -- likely a wrapped/truncated product name, not a real complete name."
BEE HIVE MAGARINE,23000.00,6,"Only appears in bills where item lines don't sum to cash_in -- likely a wrapped/truncated product name, not a real complete name."
FALCON JAM 5kg,2325.00,6,"Only appears in bills where item lines don't sum to cash_in -- likely a wrapped/truncated product name, not a real complete name."
SMAK CASSAVA HOT AND,160.00,6,"Only appears in bills where item lines don't sum to cash_in -- likely a wrapped/truncated product name, not a real complete name."
IRESHA BABY PAPADAM 1kg,925.00,6,"Only appears in bills where item lines don't sum to cash_in -- likely a wrapped/truncated product name, not a real complete name."
BRITOL BLISS DISHWASHING,220.00,6,"Only appears in bills where item lines don't sum to cash_in -- likely a wrapped/truncated product name, not a real complete name."
CBL SERA CHILLI POWDER,450.00,6,"Only appears in bills where item lines don't sum to cash_in -- likely a wrapped/truncated product name, not a real complete name."
BRITOL DISHWASH BUDGET,160.00,5,"Only appears in bills where item lines don't sum to cash_in -- likely a wrapped/truncated product name, not a real complete name."
AMRITHA ROSE LILY 15,110.00,5,"Only appears in bills where item lines don't sum to cash_in -- likely a wrapped/truncated product name, not a real complete name."
WONDERLIGHT JASMIN 100g,110.00,5,"Only appears in bills where item lines don't sum to cash_in -- likely a wrapped/truncated product name, not a real complete name."
CBL LANKA SOY CUTTLEFISH,60.00,5,"Only appears in bills where item lines don't sum to cash_in -- likely a wrapped/truncated product name, not a real complete name."
BATHI POOJA LAVENDER,90.00,5,"Only appears in bills where item lines don't sum to cash_in -- likely a wrapped/truncated product name, not a real complete name."
RANI SANDALWOOD WITH,110.00,5,"Only appears in bills where item lines don't sum to cash_in -- likely a wrapped/truncated product name, not a real complete name."
DIVA LOTUS LAVENDER &,295.00,5,"Only appears in bills where item lines don't sum to cash_in -- likely a wrapped/truncated product name, not a real complete name."
CBL SERA FESTIVE NOODLES,310.00,5,"Only appears in bills where item lines don't sum to cash_in -- likely a wrapped/truncated product name, not a real complete name."
LIFEBUOY HEALTH STRONG &,300.00,5,"Only appears in bills where item lines don't sum to cash_in -- likely a wrapped/truncated product name, not a real complete name."
LAKLIGHT SOYA CRAYFISH,140.00,5,"Only appears in bills where item lines don't sum to cash_in -- likely a wrapped/truncated product name, not a real complete name."
SUNLIGHT LAVENDER 50G,25.00,4,"Only appears in bills where item lines don't sum to cash_in -- likely a wrapped/truncated product name, not a real complete name."
WIJAYA CHILLI PIECES 500G,840.00,4,"Only appears in bills where item lines don't sum to cash_in -- likely a wrapped/truncated product name, not a real complete name."
RAIGAM MUTHUWARUSA,60.00,4,"Only appears in bills where item lines don't sum to cash_in -- likely a wrapped/truncated product name, not a real complete name."
JAYAWARDHANA NOODLES,350.00,4,"Only appears in bills where item lines don't sum to cash_in -- likely a wrapped/truncated product name, not a real complete name."
VELVET ROSE PETALS AND,115.00,4,"Only appears in bills where item lines don't sum to cash_in -- likely a wrapped/truncated product name, not a real complete name."
BELLOSE SMOOTH INTENCE,370.50,4,"Only appears in bills where item lines don't sum to cash_in -- likely a wrapped/truncated product name, not a real complete name."
AMRITHA JASMINE,160.00,4,"Only appears in bills where item lines don't sum to cash_in -- likely a wrapped/truncated product name, not a real complete name."
SANDU PAPADAM 150G,240.00,4,"Only appears in bills where item lines don't sum to cash_in -- likely a wrapped/truncated product name, not a real complete name."
WHISPER XL + 7,350.00,4,"Only appears in bills where item lines don't sum to cash_in -- likely a wrapped/truncated product name, not a real complete name."
LANKASOY MOJU90g,160.00,4,"Only appears in bills where item lines don't sum to cash_in -- likely a wrapped/truncated product name, not a real complete name."
SIGNAL TRIPLE PROTCTION,355.00,4,"Only appears in bills where item lines don't sum to cash_in -- likely a wrapped/truncated product name, not a real complete name."
DELMA DISH WASH BAR,125.00,4,"Only appears in bills where item lines don't sum to cash_in -- likely a wrapped/truncated product name, not a real complete name."
MOTHA RASPBERRY JELLY,230.00,4,"Only appears in bills where item lines don't sum to cash_in -- likely a wrapped/truncated product name, not a real complete name."
FLOVER PAPER PLATE 6,170.00,4,"Only appears in bills where item lines don't sum to cash_in -- likely a wrapped/truncated product name, not a real complete name."
GILLETTE BLUE || 2,190.00,4,"Only appears in bills where item lines don't sum to cash_in -- likely a wrapped/truncated product name, not a real complete name."
AMINS HENNA,250.00,4,"Only appears in bills where item lines don't sum to cash_in -- likely a wrapped/truncated product name, not a real complete name."
BONITA VALUE PACK,400.00,4,"Only appears in bills where item lines don't sum to cash_in -- likely a wrapped/truncated product name, not a real complete name."
EDINBARO THAKKALI SAUSE,520.00,4,"Only appears in bills where item lines don't sum to cash_in -- likely a wrapped/truncated product name, not a real complete name."
CBL ROASTED CURRY 100g,220.00,4,"Only appears in bills where item lines don't sum to cash_in -- likely a wrapped/truncated product name, not a real complete name."
LANKA SOY CHILLI TASTE 50g,70.00,4,"Only appears in bills where item lines don't sum to cash_in -- likely a wrapped/truncated product name, not a real complete name."
CHANDANALEPA RATHMAL &,125.00,3,"Only appears in bills where item lines don't sum to cash_in -- likely a wrapped/truncated product name, not a real complete name."
LAKSHMI CAMPHOR,22.00,3,"Only appears in bills where item lines don't sum to cash_in -- likely a wrapped/truncated product name, not a real complete name."
HARISCHANDRA NOODLES,280.00,3,"Only appears in bills where item lines don't sum to cash_in -- likely a wrapped/truncated product name, not a real complete name."
WONDERLIGHT KOHOMBA &,105.00,3,"Only appears in bills where item lines don't sum to cash_in -- likely a wrapped/truncated product name, not a real complete name."
LAOJI 400g,1140.00,3,"Only appears in bills where item lines don't sum to cash_in -- likely a wrapped/truncated product name, not a real complete name."
AYUSH TOTAL ORAL 110g,285.00,3,"Only appears in bills where item lines don't sum to cash_in -- likely a wrapped/truncated product name, not a real complete name."
SERA CHILLI POWDER 500G,703.00,3,"Only appears in bills where item lines don't sum to cash_in -- likely a wrapped/truncated product name, not a real complete name."
PANDA BABY OLIVE OIL,195.00,3,"Only appears in bills where item lines don't sum to cash_in -- likely a wrapped/truncated product name, not a real complete name."
LIFEBUOY ONION 80ml,250.00,3,"Only appears in bills where item lines don't sum to cash_in -- likely a wrapped/truncated product name, not a real complete name."
ALLI PAPADAM 60G,130.00,3,"Only appears in bills where item lines don't sum to cash_in -- likely a wrapped/truncated product name, not a real complete name."
CHANDANALEPA MILK &,125.00,3,"Only appears in bills where item lines don't sum to cash_in -- likely a wrapped/truncated product name, not a real complete name."
SIDDHALEPA 15G,285.00,3,"Only appears in bills where item lines don't sum to cash_in -- likely a wrapped/truncated product name, not a real complete name."
NILMA UNIC 275ML,300.00,3,"Only appears in bills where item lines don't sum to cash_in -- likely a wrapped/truncated product name, not a real complete name."
PANDA BABY CREAM WITH,155.00,3,"Only appears in bills where item lines don't sum to cash_in -- likely a wrapped/truncated product name, not a real complete name."
SPONGE 4 IN 1,70.00,3,"Only appears in bills where item lines don't sum to cash_in -- likely a wrapped/truncated product name, not a real complete name."
ALLI THOSAI MIX FLOUR 400G,485.00,3,"Only appears in bills where item lines don't sum to cash_in -- likely a wrapped/truncated product name, not a real complete name."
MILO 200g,560.00,3,"Only appears in bills where item lines don't sum to cash_in -- likely a wrapped/truncated product name, not a real complete name."
LANKA SOY MAALU SOY,160.00,3,"Only appears in bills where item lines don't sum to cash_in -- likely a wrapped/truncated product name, not a real complete name."
KVC TAMATO SAUCE 4.4kg,2400.00,3,"Only appears in bills where item lines don't sum to cash_in -- likely a wrapped/truncated product name, not a real complete name."
MAL PAPADAM SANDALI,130.00,3,"Only appears in bills where item lines don't sum to cash_in -- likely a wrapped/truncated product name, not a real complete name."
VELVET ECO PACK ROSE &,510.00,3,"Only appears in bills where item lines don't sum to cash_in -- likely a wrapped/truncated product name, not a real complete name."
PANDA BABY FLORAL,390.00,3,"Only appears in bills where item lines don't sum to cash_in -- likely a wrapped/truncated product name, not a real complete name."
NESTLE MILK MAID TIN 510G,890.00,3,"Only appears in bills where item lines don't sum to cash_in -- likely a wrapped/truncated product name, not a real complete name."
AMRITHA SHINY STAR,160.00,3,"Only appears in bills where item lines don't sum to cash_in -- likely a wrapped/truncated product name, not a real complete name."
AMRITHA AMBER,100.00,3,"Only appears in bills where item lines don't sum to cash_in -- likely a wrapped/truncated product name, not a real complete name."
FALCON MAAJA 5L,3200.00,3,"Only appears in bills where item lines don't sum to cash_in -- likely a wrapped/truncated product name, not a real complete name."
GLOW & LOVELY 25G,385.00,3,"Only appears in bills where item lines don't sum to cash_in -- likely a wrapped/truncated product name, not a real complete name."
SMACK CASSAVA HOT AND,300.00,3,"Only appears in bills where item lines don't sum to cash_in -- likely a wrapped/truncated product name, not a real complete name."
DANDEX-COOLING RELIEF,340.00,3,"Only appears in bills where item lines don't sum to cash_in -- likely a wrapped/truncated product name, not a real complete name."
RAIGAM CHICKEN SOYA 70G,115.00,3,"Only appears in bills where item lines don't sum to cash_in -- likely a wrapped/truncated product name, not a real complete name."
CLOGARD CHOOTY,160.00,3,"Only appears in bills where item lines don't sum to cash_in -- likely a wrapped/truncated product name, not a real complete name."
WIJAYA PEPPER POWDER,1250.00,3,"Only appears in bills where item lines don't sum to cash_in -- likely a wrapped/truncated product name, not a real complete name."
WIJAYA JAFFNA CURRY,100.00,3,"Only appears in bills where item lines don't sum to cash_in -- likely a wrapped/truncated product name, not a real complete name."
LIFEBUOY SHAMPOO WITH,300.00,3,"Only appears in bills where item lines don't sum to cash_in -- likely a wrapped/truncated product name, not a real complete name."
WIJAYA CHILLI POWDER 1KG,1580.00,3,"Only appears in bills where item lines don't sum to cash_in -- likely a wrapped/truncated product name, not a real complete name."
MALIBAN ORANGE CREAM,220.00,3,"Only appears in bills where item lines don't sum to cash_in -- likely a wrapped/truncated product name, not a real complete name."
IODEX HEAD FAST BALM 9G,200.00,3,"Only appears in bills where item lines don't sum to cash_in -- likely a wrapped/truncated product name, not a real complete name."
LAXSHA ROASTED CURRY,420.00,3,"Only appears in bills where item lines don't sum to cash_in -- likely a wrapped/truncated product name, not a real complete name."
CBL SERA CURRY POWDER,427.00,3,"Only appears in bills where item lines don't sum to cash_in -- likely a wrapped/truncated product name, not a real complete name."
DCL INSTANT YEAST 11G,110.00,3,"Only appears in bills where item lines don't sum to cash_in -- likely a wrapped/truncated product name, not a real complete name."
SUNLIGHT LEMON 50G,25.00,2,"Only appears in bills where item lines don't sum to cash_in -- likely a wrapped/truncated product name, not a real complete name."
MAGGI CHIKEN TIKIRI,75.00,2,"Only appears in bills where item lines don't sum to cash_in -- likely a wrapped/truncated product name, not a real complete name."
SERA SEAFOOD NOODLES,360.00,2,"Only appears in bills where item lines don't sum to cash_in -- likely a wrapped/truncated product name, not a real complete name."
DETTOL- SOAP COOL (BLUE),135.00,2,"Only appears in bills where item lines don't sum to cash_in -- likely a wrapped/truncated product name, not a real complete name."
JANET REAL PAPAYA NO,425.00,2,"Only appears in bills where item lines don't sum to cash_in -- likely a wrapped/truncated product name, not a real complete name."
GOYA SANDAL TOUCH 65G,90.00,2,"Only appears in bills where item lines don't sum to cash_in -- likely a wrapped/truncated product name, not a real complete name."
GOYA CREAMY BLISS 65G,90.00,2,"Only appears in bills where item lines don't sum to cash_in -- likely a wrapped/truncated product name, not a real complete name."
ANCHOR NON FAT 400G,1200.00,2,"Only appears in bills where item lines don't sum to cash_in -- likely a wrapped/truncated product name, not a real complete name."
LAXSHA CHILLI PIECES 1kg,1890.00,2,"Only appears in bills where item lines don't sum to cash_in -- likely a wrapped/truncated product name, not a real complete name."
KUMARIKA SPLIT END,500.00,2,"Only appears in bills where item lines don't sum to cash_in -- likely a wrapped/truncated product name, not a real complete name."
RITIGALA SOYA MEAT 40G,55.00,2,"Only appears in bills where item lines don't sum to cash_in -- likely a wrapped/truncated product name, not a real complete name."
EDIN MUSTARD CREAM 165G,380.00,2,"Only appears in bills where item lines don't sum to cash_in -- likely a wrapped/truncated product name, not a real complete name."
DETTOL ORIGINAL 70*2 GET 1,280.00,2,"Only appears in bills where item lines don't sum to cash_in -- likely a wrapped/truncated product name, not a real complete name."
ENCHANTER PAPER,250.00,2,"Only appears in bills where item lines don't sum to cash_in -- likely a wrapped/truncated product name, not a real complete name."
MY FRESH GEL POCKET PINK,250.00,2,"Only appears in bills where item lines don't sum to cash_in -- likely a wrapped/truncated product name, not a real complete name."
KEELS KREST CUTTLEFISH,150.00,2,"Only appears in bills where item lines don't sum to cash_in -- likely a wrapped/truncated product name, not a real complete name."
SHELLO VITAMIN E LOTION,440.00,2,"Only appears in bills where item lines don't sum to cash_in -- likely a wrapped/truncated product name, not a real complete name."
PASTRY,45.00,2,"Only appears in bills where item lines don't sum to cash_in -- likely a wrapped/truncated product name, not a real complete name."
EASY 2 RAZER POUCH,300.00,2,"Only appears in bills where item lines don't sum to cash_in -- likely a wrapped/truncated product name, not a real complete name."
CLOGARD 200g FREE 2,399.00,2,"Only appears in bills where item lines don't sum to cash_in -- likely a wrapped/truncated product name, not a real complete name."
DETTOL- SOAP SKINCARE,135.00,2,"Only appears in bills where item lines don't sum to cash_in -- likely a wrapped/truncated product name, not a real complete name."
MILO 400G,890.00,2,"Only appears in bills where item lines don't sum to cash_in -- likely a wrapped/truncated product name, not a real complete name."
VELVET AVACADO & ARGAN,670.00,2,"Only appears in bills where item lines don't sum to cash_in -- likely a wrapped/truncated product name, not a real complete name."
LEO TAMARIND 200g,300.00,2,"Only appears in bills where item lines don't sum to cash_in -- likely a wrapped/truncated product name, not a real complete name."
MAGGI CURRY NOODLES 73G,120.00,2,"Only appears in bills where item lines don't sum to cash_in -- likely a wrapped/truncated product name, not a real complete name."
PEARS NATURAL KOKUM,360.00,2,"Only appears in bills where item lines don't sum to cash_in -- likely a wrapped/truncated product name, not a real complete name."
HORLICKS 350G,1100.00,2,"Only appears in bills where item lines don't sum to cash_in -- likely a wrapped/truncated product name, not a real complete name."
CBL SERA PEPPER POWDER,475.00,2,"Only appears in bills where item lines don't sum to cash_in -- likely a wrapped/truncated product name, not a real complete name."
KVC SAUCE TOMATO 400g,340.00,2,"Only appears in bills where item lines don't sum to cash_in -- likely a wrapped/truncated product name, not a real complete name."
NIKADO PAPADAM 100g,160.00,2,"Only appears in bills where item lines don't sum to cash_in -- likely a wrapped/truncated product name, not a real complete name."
JANET ORANGE BLOOM,510.00,2,"Only appears in bills where item lines don't sum to cash_in -- likely a wrapped/truncated product name, not a real complete name."
BIC FLEX 3,420.00,2,"Only appears in bills where item lines don't sum to cash_in -- likely a wrapped/truncated product name, not a real complete name."
PANDA BABY ALOE VERA,195.00,2,"Only appears in bills where item lines don't sum to cash_in -- likely a wrapped/truncated product name, not a real complete name."
SUNSILK THICK AND LONG,635.00,2,"Only appears in bills where item lines don't sum to cash_in -- likely a wrapped/truncated product name, not a real complete name."
RITZBURY CRISPY 45g,140.00,2,"Only appears in bills where item lines don't sum to cash_in -- likely a wrapped/truncated product name, not a real complete name."
PRIME BAKING POWDER 1kg,960.00,2,"Only appears in bills where item lines don't sum to cash_in -- likely a wrapped/truncated product name, not a real complete name."
AMRITHA 2 IN 1 RED,160.00,2,"Only appears in bills where item lines don't sum to cash_in -- likely a wrapped/truncated product name, not a real complete name."
BELLOSE CILICONE HAIR,390.00,2,"Only appears in bills where item lines don't sum to cash_in -- likely a wrapped/truncated product name, not a real complete name."
PRIMA TWIST DRY NOODLES,285.00,2,"Only appears in bills where item lines don't sum to cash_in -- likely a wrapped/truncated product name, not a real complete name."
HARISCHANDRA HOPPER,250.00,2,"Only appears in bills where item lines don't sum to cash_in -- likely a wrapped/truncated product name, not a real complete name."
TALAWAKELLE BOPF 200G,600.00,2,"Only appears in bills where item lines don't sum to cash_in -- likely a wrapped/truncated product name, not a real complete name."
CBL SERA POL KIRI 180ML,165.00,2,"Only appears in bills where item lines don't sum to cash_in -- likely a wrapped/truncated product name, not a real complete name."
RIO JASMINE 1kg,240.00,2,"Only appears in bills where item lines don't sum to cash_in -- likely a wrapped/truncated product name, not a real complete name."
SENSODYNE FRESH GEL 40G,480.00,2,"Only appears in bills where item lines don't sum to cash_in -- likely a wrapped/truncated product name, not a real complete name."
RITZBURY RAVE PARTY TIME,550.00,2,"Only appears in bills where item lines don't sum to cash_in -- likely a wrapped/truncated product name, not a real complete name."
RAIGAM PASTA SHELL 200G,190.00,2,"Only appears in bills where item lines don't sum to cash_in -- likely a wrapped/truncated product name, not a real complete name."
KIDS JOY COTTON BALLS,350.00,2,"Only appears in bills where item lines don't sum to cash_in -- likely a wrapped/truncated product name, not a real complete name."
SUDANTHA TOOTHPASTE,275.00,2,"Only appears in bills where item lines don't sum to cash_in -- likely a wrapped/truncated product name, not a real complete name."
DELMEGE FAMILY NOODLES,230.00,2,"Only appears in bills where item lines don't sum to cash_in -- likely a wrapped/truncated product name, not a real complete name."
RIO LEMON 1kg,240.00,2,"Only appears in bills where item lines don't sum to cash_in -- likely a wrapped/truncated product name, not a real complete name."
BRITOL CINNAMON LIQUID,230.00,2,"Only appears in bills where item lines don't sum to cash_in -- likely a wrapped/truncated product name, not a real complete name."
EADEN TOMATO SAUCE,290.00,2,"Only appears in bills where item lines don't sum to cash_in -- likely a wrapped/truncated product name, not a real complete name."
TULIP KADALA PITI 200g,170.00,2,"Only appears in bills where item lines don't sum to cash_in -- likely a wrapped/truncated product name, not a real complete name."
CHAYA WHITE BEAUTY SOAP,105.00,2,"Only appears in bills where item lines don't sum to cash_in -- likely a wrapped/truncated product name, not a real complete name."
CLOGARD- SMART SAVER,185.00,2,"Only appears in bills where item lines don't sum to cash_in -- likely a wrapped/truncated product name, not a real complete name."
LAXSHA ROASTED CHILLI,205.00,2,"Only appears in bills where item lines don't sum to cash_in -- likely a wrapped/truncated product name, not a real complete name."
SUN RICH WAFERS VANILA,455.00,2,"Only appears in bills where item lines don't sum to cash_in -- likely a wrapped/truncated product name, not a real complete name."
WHOOLE,80.00,2,"Only appears in bills where item lines don't sum to cash_in -- likely a wrapped/truncated product name, not a real complete name."
LIPTON CYLONTA 200g,690.00,2,"Only appears in bills where item lines don't sum to cash_in -- likely a wrapped/truncated product name, not a real complete name."
GLOW & LOVELY,650.00,2,"Only appears in bills where item lines don't sum to cash_in -- likely a wrapped/truncated product name, not a real complete name."
DREAMRON-SHAMPOO,885.00,2,"Only appears in bills where item lines don't sum to cash_in -- likely a wrapped/truncated product name, not a real complete name."
DENTA ZIG ZAG FAMILY PACK,470.00,2,"Only appears in bills where item lines don't sum to cash_in -- likely a wrapped/truncated product name, not a real complete name."
VASELINE ALOVE FRESH,820.00,2,"Only appears in bills where item lines don't sum to cash_in -- likely a wrapped/truncated product name, not a real complete name."
VELVET- SOAP,165.00,2,"Only appears in bills where item lines don't sum to cash_in -- likely a wrapped/truncated product name, not a real complete name."
PEARS BABY RATHMAL *5+1,690.00,2,"Only appears in bills where item lines don't sum to cash_in -- likely a wrapped/truncated product name, not a real complete name."
BELLOSE INTENSE REPAIR,656.00,2,"Only appears in bills where item lines don't sum to cash_in -- likely a wrapped/truncated product name, not a real complete name."
WHISPER ULTRA XL 15 S,680.00,2,"Only appears in bills where item lines don't sum to cash_in -- likely a wrapped/truncated product name, not a real complete name."
VASELINE PRETTY PEACH,585.00,2,"Only appears in bills where item lines don't sum to cash_in -- likely a wrapped/truncated product name, not a real complete name."
BABY CHERAMY- HERBAL,360.00,2,"Only appears in bills where item lines don't sum to cash_in -- likely a wrapped/truncated product name, not a real complete name."
CECILIYAN TEA 400G,1050.00,2,"Only appears in bills where item lines don't sum to cash_in -- likely a wrapped/truncated product name, not a real complete name."
BELLOSE HAIR LOSS,720.00,2,"Only appears in bills where item lines don't sum to cash_in -- likely a wrapped/truncated product name, not a real complete name."
STAR DISHWASH TUB 250G,150.00,2,"Only appears in bills where item lines don't sum to cash_in -- likely a wrapped/truncated product name, not a real complete name."
SANSTHA TEA 1KG,2300.00,1,"Only appears in bills where item lines don't sum to cash_in -- likely a wrapped/truncated product name, not a real complete name."
FORTUNE COCOFINE 1L,1350.00,1,"Only appears in bills where item lines don't sum to cash_in -- likely a wrapped/truncated product name, not a real complete name."
FEMS DRYTEX,230.00,1,"Only appears in bills where item lines don't sum to cash_in -- likely a wrapped/truncated product name, not a real complete name."
VASLINE ADVANCE REPAIR,1020.00,1,"Only appears in bills where item lines don't sum to cash_in -- likely a wrapped/truncated product name, not a real complete name."
N/S PANDA BABY SHAMPOO,190.00,1,"Only appears in bills where item lines don't sum to cash_in -- likely a wrapped/truncated product name, not a real complete name."
PARACHUTE GOTUKOLA,570.00,1,"Only appears in bills where item lines don't sum to cash_in -- likely a wrapped/truncated product name, not a real complete name."
LAK LIGHT MANGO 1KG,1100.00,1,"Only appears in bills where item lines don't sum to cash_in -- likely a wrapped/truncated product name, not a real complete name."
C COCONUT S,130.00,1,"Only appears in bills where item lines don't sum to cash_in -- likely a wrapped/truncated product name, not a real complete name."
FALCON BANANA FLAVOUR,2790.00,1,"Only appears in bills where item lines don't sum to cash_in -- likely a wrapped/truncated product name, not a real complete name."
CLOREX HIMALAYAN 100ML,150.00,1,"Only appears in bills where item lines don't sum to cash_in -- likely a wrapped/truncated product name, not a real complete name."
GIFFY GREEN 250ML,240.00,1,"Only appears in bills where item lines don't sum to cash_in -- likely a wrapped/truncated product name, not a real complete name."
BELLOSE KERATIN,1800.00,1,"Only appears in bills where item lines don't sum to cash_in -- likely a wrapped/truncated product name, not a real complete name."
DAZZLING LOVERS DREAM,350.00,1,"Only appears in bills where item lines don't sum to cash_in -- likely a wrapped/truncated product name, not a real complete name."
CLOSEUP CLOVE & ORANGE,130.00,1,"Only appears in bills where item lines don't sum to cash_in -- likely a wrapped/truncated product name, not a real complete name."
KOHOMBA HERBAL ANTI-,380.00,1,"Only appears in bills where item lines don't sum to cash_in -- likely a wrapped/truncated product name, not a real complete name."
KVC TREACLE & SYRUP,650.00,1,"Only appears in bills where item lines don't sum to cash_in -- likely a wrapped/truncated product name, not a real complete name."
KVC COCONUT TREACLE,550.00,1,"Only appears in bills where item lines don't sum to cash_in -- likely a wrapped/truncated product name, not a real complete name."
REXONA PD 50ml + TISSUE,850.00,1,"Only appears in bills where item lines don't sum to cash_in -- likely a wrapped/truncated product name, not a real complete name."
TIARA COFFIA 40g,80.00,1,"Only appears in bills where item lines don't sum to cash_in -- likely a wrapped/truncated product name, not a real complete name."
PONDS BRIGHT 15g,395.00,1,"Only appears in bills where item lines don't sum to cash_in -- likely a wrapped/truncated product name, not a real complete name."
DIVA ROSE & LIME 200g,90.00,1,"Only appears in bills where item lines don't sum to cash_in -- likely a wrapped/truncated product name, not a real complete name."
EDIN BEE S HONEY 480g,1800.00,1,"Only appears in bills where item lines don't sum to cash_in -- likely a wrapped/truncated product name, not a real complete name."
KURAKKAN FLOUR 400G,505.00,1,"Only appears in bills where item lines don't sum to cash_in -- likely a wrapped/truncated product name, not a real complete name."
DREAMRON- SILICONE HAIR,700.00,1,"Only appears in bills where item lines don't sum to cash_in -- likely a wrapped/truncated product name, not a real complete name."
SERA PEPPER SEEDS 100G,390.00,1,"Only appears in bills where item lines don't sum to cash_in -- likely a wrapped/truncated product name, not a real complete name."
KEELLS BUY PARTY PACK,1275.00,1,"Only appears in bills where item lines don't sum to cash_in -- likely a wrapped/truncated product name, not a real complete name."
IMORICH ROCKY ROAD 1L,1280.00,1,"Only appears in bills where item lines don't sum to cash_in -- likely a wrapped/truncated product name, not a real complete name."
VICKS RUB 25ML,470.00,1,"Only appears in bills where item lines don't sum to cash_in -- likely a wrapped/truncated product name, not a real complete name."
BIO CLEAN TILE AND,460.00,1,"Only appears in bills where item lines don't sum to cash_in -- likely a wrapped/truncated product name, not a real complete name."
SUPER WHITE HEAVY POWER,400.00,1,"Only appears in bills where item lines don't sum to cash_in -- likely a wrapped/truncated product name, not a real complete name."
MY FRESH GEL POCKET SPO,250.00,1,"Only appears in bills where item lines don't sum to cash_in -- likely a wrapped/truncated product name, not a real complete name."
ZESTA PREMIUM BOPF 250G,900.00,1,"Only appears in bills where item lines don't sum to cash_in -- likely a wrapped/truncated product name, not a real complete name."
VELONA CUDDLES NB 24PCS,1990.00,1,"Only appears in bills where item lines don't sum to cash_in -- likely a wrapped/truncated product name, not a real complete name."
WONDERLIGHT LIME &,215.00,1,"Only appears in bills where item lines don't sum to cash_in -- likely a wrapped/truncated product name, not a real complete name."
SENORA TEA 100g,240.00,1,"Only appears in bills where item lines don't sum to cash_in -- likely a wrapped/truncated product name, not a real complete name."
SHELLO HERBAL BEAUTY,350.00,1,"Only appears in bills where item lines don't sum to cash_in -- likely a wrapped/truncated product name, not a real complete name."
CHELLO CURD 430g,395.00,1,"Only appears in bills where item lines don't sum to cash_in -- likely a wrapped/truncated product name, not a real complete name."
SANDUN GREEN PEAS 80g,140.00,1,"Only appears in bills where item lines don't sum to cash_in -- likely a wrapped/truncated product name, not a real complete name."
REXONA JASMINE SOAP 80G,105.00,1,"Only appears in bills where item lines don't sum to cash_in -- likely a wrapped/truncated product name, not a real complete name."
REXONA ROSE SOAP 80G,115.00,1,"Only appears in bills where item lines don't sum to cash_in -- likely a wrapped/truncated product name, not a real complete name."
MALIBAN BRAN CRACKER,290.00,1,"Only appears in bills where item lines don't sum to cash_in -- likely a wrapped/truncated product name, not a real complete name."
SERA CHILLI PIECES 100G,161.00,1,"Only appears in bills where item lines don't sum to cash_in -- likely a wrapped/truncated product name, not a real complete name."
PARK AVENUE VOYAGE 150ml,1500.00,1,"Only appears in bills where item lines don't sum to cash_in -- likely a wrapped/truncated product name, not a real complete name."
SUN CRUSH ORANGE 250ML,150.00,1,"Only appears in bills where item lines don't sum to cash_in -- likely a wrapped/truncated product name, not a real complete name."
LYSOL PINE 500ml,500.00,1,"Only appears in bills where item lines don't sum to cash_in -- likely a wrapped/truncated product name, not a real complete name."
LYSOL FLORAL 500ML FREE,525.00,1,"Only appears in bills where item lines don't sum to cash_in -- likely a wrapped/truncated product name, not a real complete name."
MOTHA APPLE JELLY 100G,230.00,1,"Only appears in bills where item lines don't sum to cash_in -- likely a wrapped/truncated product name, not a real complete name."
MD KITUL TREACLE 350ML,790.00,1,"Only appears in bills where item lines don't sum to cash_in -- likely a wrapped/truncated product name, not a real complete name."
ZESTA TEA BAG 25,375.00,1,"Only appears in bills where item lines don't sum to cash_in -- likely a wrapped/truncated product name, not a real complete name."
MOTHA ORANGE 100G,230.00,1,"Only appears in bills where item lines don't sum to cash_in -- likely a wrapped/truncated product name, not a real complete name."
EVA COTTON FEEL HEAVY,300.00,1,"Only appears in bills where item lines don't sum to cash_in -- likely a wrapped/truncated product name, not a real complete name."
GRAM FLOUR 200G,130.00,1,"Only appears in bills where item lines don't sum to cash_in -- likely a wrapped/truncated product name, not a real complete name."
SEWANAGALA SUWA DARANI,180.00,1,"Only appears in bills where item lines don't sum to cash_in -- likely a wrapped/truncated product name, not a real complete name."
BIC BLADE,250.00,1,"Only appears in bills where item lines don't sum to cash_in -- likely a wrapped/truncated product name, not a real complete name."
KNORR CHICKEN CUBES 280g,1800.00,1,"Only appears in bills where item lines don't sum to cash_in -- likely a wrapped/truncated product name, not a real complete name."
ENCHANTER TALC ENTICING,925.00,1,"Only appears in bills where item lines don't sum to cash_in -- likely a wrapped/truncated product name, not a real complete name."
DETTOL LIQUID 100ML,340.00,1,"Only appears in bills where item lines don't sum to cash_in -- likely a wrapped/truncated product name, not a real complete name."
4REVER VENIVEL,500.00,1,"Only appears in bills where item lines don't sum to cash_in -- likely a wrapped/truncated product name, not a real complete name."
DIVA PURPLE LOTUS,295.00,1,"Only appears in bills where item lines don't sum to cash_in -- likely a wrapped/truncated product name, not a real complete name."
RAIGAM COCONUT TODDY,250.00,1,"Only appears in bills where item lines don't sum to cash_in -- likely a wrapped/truncated product name, not a real complete name."
HARPIC- POWER F/FLORAL,450.00,1,"Only appears in bills where item lines don't sum to cash_in -- likely a wrapped/truncated product name, not a real complete name."
RAIGAM CHINESE DEVILLED,190.00,1,"Only appears in bills where item lines don't sum to cash_in -- likely a wrapped/truncated product name, not a real complete name."
MOTHA CARAMEL PUDDING,185.00,1,"Only appears in bills where item lines don't sum to cash_in -- likely a wrapped/truncated product name, not a real complete name."
LIFEBUOY THICK & STRONG,520.00,1,"Only appears in bills where item lines don't sum to cash_in -- likely a wrapped/truncated product name, not a real complete name."
BUBBLE ROSE FRESH 1kg,490.00,1,"Only appears in bills where item lines don't sum to cash_in -- likely a wrapped/truncated product name, not a real complete name."
SADALI KOLLU ATA,350.00,1,"Only appears in bills where item lines don't sum to cash_in -- likely a wrapped/truncated product name, not a real complete name."
DASH SAFEOL FLORAL 500ML,480.00,1,"Only appears in bills where item lines don't sum to cash_in -- likely a wrapped/truncated product name, not a real complete name."
DEARO MEN FRESH WIND,720.00,1,"Only appears in bills where item lines don't sum to cash_in -- likely a wrapped/truncated product name, not a real complete name."
EVA DRYTEX WINGS 16P,425.00,1,"Only appears in bills where item lines don't sum to cash_in -- likely a wrapped/truncated product name, not a real complete name."
DEARO SPOTIFY FRESH,427.00,1,"Only appears in bills where item lines don't sum to cash_in -- likely a wrapped/truncated product name, not a real complete name."
STEPLER PIN 10,35.00,1,"Only appears in bills where item lines don't sum to cash_in -- likely a wrapped/truncated product name, not a real complete name."
MD SOY SAUCE 190ml,150.00,1,"Only appears in bills where item lines don't sum to cash_in -- likely a wrapped/truncated product name, not a real complete name."
GOLD QUEEN MAYONNAISE,2825.00,1,"Only appears in bills where item lines don't sum to cash_in -- likely a wrapped/truncated product name, not a real complete name."
VELONA CUDDLES XL 4 PCS,510.00,1,"Only appears in bills where item lines don't sum to cash_in -- likely a wrapped/truncated product name, not a real complete name."
REVELLO CRISPIES 100G,690.00,1,"Only appears in bills where item lines don't sum to cash_in -- likely a wrapped/truncated product name, not a real complete name."
HARISCHANDRA RICE FLOUR,180.00,1,"Only appears in bills where item lines don't sum to cash_in -- likely a wrapped/truncated product name, not a real complete name."
GLOW & LOVELY POWDER,370.00,1,"Only appears in bills where item lines don't sum to cash_in -- likely a wrapped/truncated product name, not a real complete name."
PEARS BABY PACK PROMO,580.00,1,"Only appears in bills where item lines don't sum to cash_in -- likely a wrapped/truncated product name, not a real complete name."
BELLOSE SMOOTH INTENSE,110.00,1,"Only appears in bills where item lines don't sum to cash_in -- likely a wrapped/truncated product name, not a real complete name."
KOTAGALA BOPF 100g,315.00,1,"Only appears in bills where item lines don't sum to cash_in -- likely a wrapped/truncated product name, not a real complete name."
TEEPOL DISHWASH POWDER,290.00,1,"Only appears in bills where item lines don't sum to cash_in -- likely a wrapped/truncated product name, not a real complete name."
VICKS VAPORUB 50 ML,815.00,1,"Only appears in bills where item lines don't sum to cash_in -- likely a wrapped/truncated product name, not a real complete name."
MOTHA MANGO JELLY 100G,230.00,1,"Only appears in bills where item lines don't sum to cash_in -- likely a wrapped/truncated product name, not a real complete name."
IDEAL GOLD PARFUME,420.00,1,"Only appears in bills where item lines don't sum to cash_in -- likely a wrapped/truncated product name, not a real complete name."
JAYAWARDHANA BREAD,350.00,1,"Only appears in bills where item lines don't sum to cash_in -- likely a wrapped/truncated product name, not a real complete name."
MY FRESH JASMINE 45G,245.00,1,"Only appears in bills where item lines don't sum to cash_in -- likely a wrapped/truncated product name, not a real complete name."
MY FRESH ROSE 45G,245.00,1,"Only appears in bills where item lines don't sum to cash_in -- likely a wrapped/truncated product name, not a real complete name."
DASH ACID SUPER TILE,320.00,1,"Only appears in bills where item lines don't sum to cash_in -- likely a wrapped/truncated product name, not a real complete name."
LEO GAMBOGE CREAM 500g,430.00,1,"Only appears in bills where item lines don't sum to cash_in -- likely a wrapped/truncated product name, not a real complete name."
NESTLE CERELAC RICE &,900.00,1,"Only appears in bills where item lines don't sum to cash_in -- likely a wrapped/truncated product name, not a real complete name."
DEARO MEN AQUATIC FRESH,720.00,1,"Only appears in bills where item lines don't sum to cash_in -- likely a wrapped/truncated product name, not a real complete name."
PANDA BABY GIFT PACK,1350.00,1,"Only appears in bills where item lines don't sum to cash_in -- likely a wrapped/truncated product name, not a real complete name."
KHOMBA BABY WHITE TALC,300.00,1,"Only appears in bills where item lines don't sum to cash_in -- likely a wrapped/truncated product name, not a real complete name."
SUNSILK SHAMPOO 40ML,150.00,1,"Only appears in bills where item lines don't sum to cash_in -- likely a wrapped/truncated product name, not a real complete name."
KHOMBA BAY NATURE KID,420.00,1,"Only appears in bills where item lines don't sum to cash_in -- likely a wrapped/truncated product name, not a real complete name."
KURAKKAN FLOUR 200G,265.00,1,"Only appears in bills where item lines don't sum to cash_in -- likely a wrapped/truncated product name, not a real complete name."
MD TOMATO SAUCE 200g,310.00,1,"Only appears in bills where item lines don't sum to cash_in -- likely a wrapped/truncated product name, not a real complete name."
SIGNAL CHARCOAL WHITE,360.00,1,"Only appears in bills where item lines don't sum to cash_in -- likely a wrapped/truncated product name, not a real complete name."
REBACAALEE 70g BUY 2 GET,290.00,1,"Only appears in bills where item lines don't sum to cash_in -- likely a wrapped/truncated product name, not a real complete name."
RAWAN BLACK HAIR,480.00,1,"Only appears in bills where item lines don't sum to cash_in -- likely a wrapped/truncated product name, not a real complete name."
DASH AIR FRESHNER DREAM,725.00,1,"Only appears in bills where item lines don't sum to cash_in -- likely a wrapped/truncated product name, not a real complete name."
MAGIC CHOKO BLOK VAN,390.00,1,"Only appears in bills where item lines don't sum to cash_in -- likely a wrapped/truncated product name, not a real complete name."
DIMO LUMIN 9W W SCREW,638.00,1,"Only appears in bills where item lines don't sum to cash_in -- likely a wrapped/truncated product name, not a real complete name."
BIC SHAVING FOAM LEMON,600.00,1,"Only appears in bills where item lines don't sum to cash_in -- likely a wrapped/truncated product name, not a real complete name."
BRITOL TILE CLEANER 500ml,400.00,1,"Only appears in bills where item lines don't sum to cash_in -- likely a wrapped/truncated product name, not a real complete name."
SENSODYNE FRESH MINT,875.00,1,"Only appears in bills where item lines don't sum to cash_in -- likely a wrapped/truncated product name, not a real complete name."
BABY CHERAMY NELLI &,290.00,1,"Only appears in bills where item lines don't sum to cash_in -- likely a wrapped/truncated product name, not a real complete name."
BABY CHERAMY NELLI,255.00,1,"Only appears in bills where item lines don't sum to cash_in -- likely a wrapped/truncated product name, not a real complete name."
MD JELLY CRISTAL MIXED,390.00,1,"Only appears in bills where item lines don't sum to cash_in -- likely a wrapped/truncated product name, not a real complete name."
DASH CARE FLORAL 500ML,450.00,1,"Only appears in bills where item lines don't sum to cash_in -- likely a wrapped/truncated product name, not a real complete name."
LAXAPANA LED 13W,1000.00,1,"Only appears in bills where item lines don't sum to cash_in -- likely a wrapped/truncated product name, not a real complete name."
MAGGI RASA MUSU 10PACK,300.00,1,"Only appears in bills where item lines don't sum to cash_in -- likely a wrapped/truncated product name, not a real complete name."
KVC SOYA SAUSE 650ml,400.00,1,"Only appears in bills where item lines don't sum to cash_in -- likely a wrapped/truncated product name, not a real complete name."
KADALA PACK,760.00,1,"Only appears in bills where item lines don't sum to cash_in -- likely a wrapped/truncated product name, not a real complete name."
DASH SAFEOL SURFACE,480.00,1,"Only appears in bills where item lines don't sum to cash_in -- likely a wrapped/truncated product name, not a real complete name."
WONDER LIGHT LEMON &,100.00,1,"Only appears in bills where item lines don't sum to cash_in -- likely a wrapped/truncated product name, not a real complete name."
ORETO COFFEE CRAZY 25g,100.00,1,"Only appears in bills where item lines don't sum to cash_in -- likely a wrapped/truncated product name, not a real complete name."
RITZBURY WHITE BERRY 45g,150.00,1,"Only appears in bills where item lines don't sum to cash_in -- likely a wrapped/truncated product name, not a real complete name."
ASTRA 500G,1060.00,1,"Only appears in bills where item lines don't sum to cash_in -- likely a wrapped/truncated product name, not a real complete name."
NTT TOMATTO SAUSE 400G,285.00,1,"Only appears in bills where item lines don't sum to cash_in -- likely a wrapped/truncated product name, not a real complete name."
MALIBAN CHEKKAR COFFEE,300.00,1,"Only appears in bills where item lines don't sum to cash_in -- likely a wrapped/truncated product name, not a real complete name."
VELVET HAND WASH ROSE,390.00,1,"Only appears in bills where item lines don't sum to cash_in -- likely a wrapped/truncated product name, not a real complete name."
ATLES A5 EX BOOK 40PG,65.00,1,"Only appears in bills where item lines don't sum to cash_in -- likely a wrapped/truncated product name, not a real complete name."
SEWANAGALA THALA OIL,170.00,1,"Only appears in bills where item lines don't sum to cash_in -- likely a wrapped/truncated product name, not a real complete name."
LANKA SOY DEVILLED,160.00,1,"Only appears in bills where item lines don't sum to cash_in -- likely a wrapped/truncated product name, not a real complete name."
BELLOSE ANTI DANDRUFF,228.00,1,"Only appears in bills where item lines don't sum to cash_in -- likely a wrapped/truncated product name, not a real complete name."
SOFTNY AFTER WASH 800ML,980.00,1,"Only appears in bills where item lines don't sum to cash_in -- likely a wrapped/truncated product name, not a real complete name."
BIC REFRESHSAVING FOAM,600.00,1,"Only appears in bills where item lines don't sum to cash_in -- likely a wrapped/truncated product name, not a real complete name."
VIP PERFUM,420.00,1,"Only appears in bills where item lines don't sum to cash_in -- likely a wrapped/truncated product name, not a real complete name."
PEARS BEES HONEY BABY,150.00,1,"Only appears in bills where item lines don't sum to cash_in -- likely a wrapped/truncated product name, not a real complete name."
NATURES SUN AND FUN SUN,590.00,1,"Only appears in bills where item lines don't sum to cash_in -- likely a wrapped/truncated product name, not a real complete name."
JEEWAKA HANDI THAILAYA,950.00,1,"Only appears in bills where item lines don't sum to cash_in -- likely a wrapped/truncated product name, not a real complete name."
RITSBURRY WHITE CARAMEL,150.00,1,"Only appears in bills where item lines don't sum to cash_in -- likely a wrapped/truncated product name, not a real complete name."
MOTHA COCOA POWDER 50G,550.00,1,"Only appears in bills where item lines don't sum to cash_in -- likely a wrapped/truncated product name, not a real complete name."
MOTHA ICING SUGER 250G,240.00,1,"Only appears in bills where item lines don't sum to cash_in -- likely a wrapped/truncated product name, not a real complete name."
EDINBOROUGH SOYA BEAN,370.00,1,"Only appears in bills where item lines don't sum to cash_in -- likely a wrapped/truncated product name, not a real complete name."
HARISCHANDRA ULUNDU,450.00,1,"Only appears in bills where item lines don't sum to cash_in -- likely a wrapped/truncated product name, not a real complete name."
PEARS KOHOMBA 70g,150.00,1,"Only appears in bills where item lines don't sum to cash_in -- likely a wrapped/truncated product name, not a real complete name."
PANDA BABY COLOGNE PET,320.00,1,"Only appears in bills where item lines don't sum to cash_in -- likely a wrapped/truncated product name, not a real complete name."
PEARS BED TIME CREAM,370.00,1,"Only appears in bills where item lines don't sum to cash_in -- likely a wrapped/truncated product name, not a real complete name."
CARD PACK TUN HUANG,210.00,1,"Only appears in bills where item lines don't sum to cash_in -- likely a wrapped/truncated product name, not a real complete name."
DIMO LUMIN 50W,5890.00,1,"Only appears in bills where item lines don't sum to cash_in -- likely a wrapped/truncated product name, not a real complete name."
PRIMA KOTTUMEE K RAMEN,320.00,1,"Only appears in bills where item lines don't sum to cash_in -- likely a wrapped/truncated product name, not a real complete name."
MD TOMATO SAUCE 400G,520.00,1,"Only appears in bills where item lines don't sum to cash_in -- likely a wrapped/truncated product name, not a real complete name."
KOTAGALA BOPF 200g,630.00,1,"Only appears in bills where item lines don't sum to cash_in -- likely a wrapped/truncated product name, not a real complete name."
JANET COOL MINT LIP BALM,300.00,1,"Only appears in bills where item lines don't sum to cash_in -- likely a wrapped/truncated product name, not a real complete name."
DREAMRON- ANTI BREAKAGE,440.00,1,"Only appears in bills where item lines don't sum to cash_in -- likely a wrapped/truncated product name, not a real complete name."
DREAMRON NAIL POLISH,245.00,1,"Only appears in bills where item lines don't sum to cash_in -- likely a wrapped/truncated product name, not a real complete name."
REXONA DEODORANT FRESH,735.00,1,"Only appears in bills where item lines don't sum to cash_in -- likely a wrapped/truncated product name, not a real complete name."
LAKMEE SOYA KALAPU ISSO,180.00,1,"Only appears in bills where item lines don't sum to cash_in -- likely a wrapped/truncated product name, not a real complete name."
DREAMRON- CONDITIONING,395.00,1,"Only appears in bills where item lines don't sum to cash_in -- likely a wrapped/truncated product name, not a real complete name."
NAVARATHNE 50ML,365.00,1,"Only appears in bills where item lines don't sum to cash_in -- likely a wrapped/truncated product name, not a real complete name."
TEEPOL D/W LIQ.GEL-LIME,370.00,1,"Only appears in bills where item lines don't sum to cash_in -- likely a wrapped/truncated product name, not a real complete name."
EMAMI ZANDU BALM 10ml,190.00,1,"Only appears in bills where item lines don't sum to cash_in -- likely a wrapped/truncated product name, not a real complete name."
RAVAN BLACK HAIR COLOUR,225.00,1,"Only appears in bills where item lines don't sum to cash_in -- likely a wrapped/truncated product name, not a real complete name."
DEARO WOMEN FRESH,427.00,1,"Only appears in bills where item lines don't sum to cash_in -- likely a wrapped/truncated product name, not a real complete name."
LEO AMBULTHIYAL150g,240.00,1,"Only appears in bills where item lines don't sum to cash_in -- likely a wrapped/truncated product name, not a real complete name."
CRALE KATU SIRANJEE,30.00,1,"Only appears in bills where item lines don't sum to cash_in -- likely a wrapped/truncated product name, not a real complete name."
LIFEBUOY HW CHARCOAL,340.00,1,"Only appears in bills where item lines don't sum to cash_in -- likely a wrapped/truncated product name, not a real complete name."
PONDS BRIGHT BEUTY 23g,610.00,1,"Only appears in bills where item lines don't sum to cash_in -- likely a wrapped/truncated product name, not a real complete name."
CHAYA SANDAL BEAUTY,105.00,1,"Only appears in bills where item lines don't sum to cash_in -- likely a wrapped/truncated product name, not a real complete name."
JANET PINK PETALS FRESH,975.00,1,"Only appears in bills where item lines don't sum to cash_in -- likely a wrapped/truncated product name, not a real complete name."
FORTUNE VEGETABLE OIL 1L,1180.00,1,"Only appears in bills where item lines don't sum to cash_in -- likely a wrapped/truncated product name, not a real complete name."
IODEX BALM 18G,375.00,1,"Only appears in bills where item lines don't sum to cash_in -- likely a wrapped/truncated product name, not a real complete name."
GREEN SMART AAA BATTERY,190.00,1,"Only appears in bills where item lines don't sum to cash_in -- likely a wrapped/truncated product name, not a real complete name."
PARACHUTE ONION &,550.00,1,"Only appears in bills where item lines don't sum to cash_in -- likely a wrapped/truncated product name, not a real complete name."
KVC JAM MELON &,500.00,1,"Only appears in bills where item lines don't sum to cash_in -- likely a wrapped/truncated product name, not a real complete name."
GOOD KNIGHT ADVANCED 45,400.00,1,"Only appears in bills where item lines don't sum to cash_in -- likely a wrapped/truncated product name, not a real complete name."
LANKA SOY KIRI MALU 50g,120.00,1,"Only appears in bills where item lines don't sum to cash_in -- likely a wrapped/truncated product name, not a real complete name."
LANKA SOY MANGO CURRY,100.00,1,"Only appears in bills where item lines don't sum to cash_in -- likely a wrapped/truncated product name, not a real complete name."
SHELLO ALOE VERA LOTION,320.00,1,"Only appears in bills where item lines don't sum to cash_in -- likely a wrapped/truncated product name, not a real complete name."
PEARS PINK FLORAL BABY,850.00,1,"Only appears in bills where item lines don't sum to cash_in -- likely a wrapped/truncated product name, not a real complete name."
VICKS VAPORUB DC 10ML,190.00,1,"Only appears in bills where item lines don't sum to cash_in -- likely a wrapped/truncated product name, not a real complete name."
4REVER COCOA BUTTER,830.00,1,"Only appears in bills where item lines don't sum to cash_in -- likely a wrapped/truncated product name, not a real complete name."
NATURS SKIN REPAIR SERUM,1690.00,1,"Only appears in bills where item lines don't sum to cash_in -- likely a wrapped/truncated product name, not a real complete name."
NATURE SECRETS,650.00,1,"Only appears in bills where item lines don't sum to cash_in -- likely a wrapped/truncated product name, not a real complete name."
VELVET COCONUT MILK &,670.00,1,"Only appears in bills where item lines don't sum to cash_in -- likely a wrapped/truncated product name, not a real complete name."
HARPIC 10X REFRESHING,450.00,1,"Only appears in bills where item lines don't sum to cash_in -- likely a wrapped/truncated product name, not a real complete name."
LANKA SOY JUMBO PACK,160.00,1,"Only appears in bills where item lines don't sum to cash_in -- likely a wrapped/truncated product name, not a real complete name."
K SUPER CRISPY BAR 45g,120.00,1,"Only appears in bills where item lines don't sum to cash_in -- likely a wrapped/truncated product name, not a real complete name."
SIGNAL STRAWBERRY KIDS,160.00,1,"Only appears in bills where item lines don't sum to cash_in -- likely a wrapped/truncated product name, not a real complete name."
CBL SERA REGULAR,250.00,1,"Only appears in bills where item lines don't sum to cash_in -- likely a wrapped/truncated product name, not a real complete name."
VELVET VIVYA SERUM 30ml,1200.00,1,"Only appears in bills where item lines don't sum to cash_in -- likely a wrapped/truncated product name, not a real complete name."
CHANDANALEPA DINO BABY,525.00,1,"Only appears in bills where item lines don't sum to cash_in -- likely a wrapped/truncated product name, not a real complete name."
SHELLO LONG AND STRONG,404.00,1,"Only appears in bills where item lines don't sum to cash_in -- likely a wrapped/truncated product name, not a real complete name."
KIST ORANGE JUICE 1L,1300.00,1,"Only appears in bills where item lines don't sum to cash_in -- likely a wrapped/truncated product name, not a real complete name."
IMORICH CHOC CHOC CHIP 1L,1290.00,1,"Only appears in bills where item lines don't sum to cash_in -- likely a wrapped/truncated product name, not a real complete name."
MINT FACIAL TISSUE BOX,395.00,1,"Only appears in bills where item lines don't sum to cash_in -- likely a wrapped/truncated product name, not a real complete name."
TEEPOL DISHWASH LIME,240.00,1,"Only appears in bills where item lines don't sum to cash_in -- likely a wrapped/truncated product name, not a real complete name."
EDIN SOYA BEAN SAUCE -,230.00,1,"Only appears in bills where item lines don't sum to cash_in -- likely a wrapped/truncated product name, not a real complete name."
ANCHOR FRESH MILK 1L,550.00,1,"Only appears in bills where item lines don't sum to cash_in -- likely a wrapped/truncated product name, not a real complete name."
LANKA SOY CUTTLEFISH 50g,70.00,1,"Only appears in bills where item lines don't sum to cash_in -- likely a wrapped/truncated product name, not a real complete name."
EMAMI 7 OIL 50ML,175.00,1,"Only appears in bills where item lines don't sum to cash_in -- likely a wrapped/truncated product name, not a real complete name."
DETTOL- SOAP ORIGINAL,140.00,1,"Only appears in bills where item lines don't sum to cash_in -- likely a wrapped/truncated product name, not a real complete name."
KIST COOKIE ASSORTMENT,1400.00,1,"Only appears in bills where item lines don't sum to cash_in -- likely a wrapped/truncated product name, not a real complete name."
SANDALI HABALA PETHI 200g,180.00,1,"Only appears in bills where item lines don't sum to cash_in -- likely a wrapped/truncated product name, not a real complete name."
MOTHA STRAWBERY JELLY,440.00,1,"Only appears in bills where item lines don't sum to cash_in -- likely a wrapped/truncated product name, not a real complete name."
KEERAMIN,1950.00,1,"Only appears in bills where item lines don't sum to cash_in -- likely a wrapped/truncated product name, not a real complete name."
EDIN MAYONNAISE CHILLED,4074.00,1,"Only appears in bills where item lines don't sum to cash_in -- likely a wrapped/truncated product name, not a real complete name."
DELLISH CORN FLOUR 1kg,660.00,1,"Only appears in bills where item lines don't sum to cash_in -- likely a wrapped/truncated product name, not a real complete name."
ALLI RED RICE 1KG,360.00,1,"Only appears in bills where item lines don't sum to cash_in -- likely a wrapped/truncated product name, not a real complete name."
MOTHA CORNFLOUR 200G,265.00,1,"Only appears in bills where item lines don't sum to cash_in -- likely a wrapped/truncated product name, not a real complete name."
BELLOSE POWER MOISTURE,399.00,1,"Only appears in bills where item lines don't sum to cash_in -- likely a wrapped/truncated product name, not a real complete name."
OATEO INSTANT OATS 200G,300.00,1,"Only appears in bills where item lines don't sum to cash_in -- likely a wrapped/truncated product name, not a real complete name."
SUNLIGHT 5 IN 1 LAVENDER,690.00,1,"Only appears in bills where item lines don't sum to cash_in -- likely a wrapped/truncated product name, not a real complete name."
PRIMA ATTA PITI 1 kg,320.00,1,"Only appears in bills where item lines don't sum to cash_in -- likely a wrapped/truncated product name, not a real complete name."
SERA CHILLI PIECES 500G,655.00,1,"Only appears in bills where item lines don't sum to cash_in -- likely a wrapped/truncated product name, not a real complete name."
KEELLS FINE HOTDOG 1kg,1500.00,1,"Only appears in bills where item lines don't sum to cash_in -- likely a wrapped/truncated product name, not a real complete name."
FORTUNE SOYA CUTTLE FISH,140.00,1,"Only appears in bills where item lines don't sum to cash_in -- likely a wrapped/truncated product name, not a real complete name."
LAK LIGHT MANGO 250,365.00,1,"Only appears in bills where item lines don't sum to cash_in -- likely a wrapped/truncated product name, not a real complete name."
TEEPOL HAND WASH,490.00,1,"Only appears in bills where item lines don't sum to cash_in -- likely a wrapped/truncated product name, not a real complete name."
SUNSILK LEMON & FREESIA,750.00,1,"Only appears in bills where item lines don't sum to cash_in -- likely a wrapped/truncated product name, not a real complete name."
MD MIXED FRUIT CORDIAL,1000.00,1,"Only appears in bills where item lines don't sum to cash_in -- likely a wrapped/truncated product name, not a real complete name."
RAIGAM CHINESE PRAWN,180.00,1,"Only appears in bills where item lines don't sum to cash_in -- likely a wrapped/truncated product name, not a real complete name."
KANDOS CASHEWNUT 100G,650.00,1,"Only appears in bills where item lines don't sum to cash_in -- likely a wrapped/truncated product name, not a real complete name."
N/S PERFUME SHAMPOO,580.00,1,"Only appears in bills where item lines don't sum to cash_in -- likely a wrapped/truncated product name, not a real complete name."
SUNQUICK ORANGE,3450.00,1,"Only appears in bills where item lines don't sum to cash_in -- likely a wrapped/truncated product name, not a real complete name."
FALCON FINE JAM 5KG,2325.00,1,"Only appears in bills where item lines don't sum to cash_in -- likely a wrapped/truncated product name, not a real complete name."
LAK LIGHT ORANGE 1KG,1100.00,1,"Only appears in bills where item lines don't sum to cash_in -- likely a wrapped/truncated product name, not a real complete name."
FORTUNE COCOFINE OIL 2L,3440.00,1,"Only appears in bills where item lines don't sum to cash_in -- likely a wrapped/truncated product name, not a real complete name."
NAWALOKA SUNFLOWER OIL,275.00,1,"Only appears in bills where item lines don't sum to cash_in -- likely a wrapped/truncated product name, not a real complete name."
RIN REFRESH 200G,80.00,1,"Only appears in bills where item lines don't sum to cash_in -- likely a wrapped/truncated product name, not a real complete name."
BRITOL MULTY SURFACE,400.00,1,"Only appears in bills where item lines don't sum to cash_in -- likely a wrapped/truncated product name, not a real complete name."
IRESHA PAPADAM 1kg,950.00,1,"Only appears in bills where item lines don't sum to cash_in -- likely a wrapped/truncated product name, not a real complete name."
MORTEIN FIK 400ML,1350.00,1,"Only appears in bills where item lines don't sum to cash_in -- likely a wrapped/truncated product name, not a real complete name."
HIMALAYA NATURAL GLOW,625.00,1,"Only appears in bills where item lines don't sum to cash_in -- likely a wrapped/truncated product name, not a real complete name."
DETTOL- SOAP RE-ENERGIZE,135.00,1,"Only appears in bills where item lines don't sum to cash_in -- likely a wrapped/truncated product name, not a real complete name."
AYUSH SOAP PURIFYING,120.00,1,"Only appears in bills where item lines don't sum to cash_in -- likely a wrapped/truncated product name, not a real complete name."
KIST SESAME COOKIES 120g,260.00,1,"Only appears in bills where item lines don't sum to cash_in -- likely a wrapped/truncated product name, not a real complete name."
COMOX- (TUFF+FRESH+LIME,1020.00,1,"Only appears in bills where item lines don't sum to cash_in -- likely a wrapped/truncated product name, not a real complete name."
DREAMRON- TREATMENT,885.00,1,"Only appears in bills where item lines don't sum to cash_in -- likely a wrapped/truncated product name, not a real complete name."
KOTTHAMALLI 200G,110.00,1,"Only appears in bills where item lines don't sum to cash_in -- likely a wrapped/truncated product name, not a real complete name."
NINJA-REFILL VAPORISER,400.00,1,"Only appears in bills where item lines don't sum to cash_in -- likely a wrapped/truncated product name, not a real complete name."
ENCHANTER TALC ROMANTIC,925.00,1,"Only appears in bills where item lines don't sum to cash_in -- likely a wrapped/truncated product name, not a real complete name."
NESCAFE 3 IN 180g,700.00,1,"Only appears in bills where item lines don't sum to cash_in -- likely a wrapped/truncated product name, not a real complete name."
RITZBURY CHOKO LE,10.00,1,"Only appears in bills where item lines don't sum to cash_in -- likely a wrapped/truncated product name, not a real complete name."
TANDOORI MASALA 50G,320.00,1,"Only appears in bills where item lines don't sum to cash_in -- likely a wrapped/truncated product name, not a real complete name."
SIDDALEPA KEKULU T BRUSH,120.00,1,"Only appears in bills where item lines don't sum to cash_in -- likely a wrapped/truncated product name, not a real complete name."
